path,classification,bytes,sha256,reason
artifacts/dpo/recommendation/dpo_recommendation_results_reason_v16_50files/README.md,ARCHIVE,5452,9822c68db9efc1ae65328d8044a84057b0c2cc65819ba8066f945f1705b59de0,Experiment provenance; not a runnable checkpoint
artifacts/dpo/recommendation/dpo_recommendation_results_reason_v16_50files/adapter_config.json,ARCHIVE,1164,c254d961eecfc8cf70acb1f07780f83de415101d1486b627af747955a32102da,Experiment provenance; not a runnable checkpoint
artifacts/dpo/recommendation/dpo_recommendation_results_reason_v16_50files/checkpoint-169/README.md,ARCHIVE,5452,9822c68db9efc1ae65328d8044a84057b0c2cc65819ba8066f945f1705b59de0,Experiment provenance; not a runnable checkpoint
artifacts/dpo/recommendation/dpo_recommendation_results_reason_v16_50files/checkpoint-169/adapter_config.json,DELETE,1164,c254d961eecfc8cf70acb1f07780f83de415101d1486b627af747955a32102da,Identical retained copy: artifacts/dpo/recommendation/dpo_recommendation_results_reason_v16_50files/adapter_config.json
artifacts/dpo/recommendation/dpo_recommendation_results_reason_v16_50files/checkpoint-169/special_tokens_map.json,DELETE,352,3910afdcd3fe7bd60c53e0bf6243747fb50fb680d83b4aad62aa1e0722675b66,Identical retained copy: artifacts/dpo/recommendation/dpo_recommendation_results_reason_v16_50files/special_tokens_map.json
artifacts/dpo/recommendation/dpo_recommendation_results_reason_v16_50files/checkpoint-169/tokenizer.json,DELETE,18460923,acbb26b8d3121ebf65c2c9a09726d7ad0d16471b75d45cac92285d170bb4ae86,Identical retained copy: artifacts/dpo/recommendation/dpo_recommendation_results_reason_v16_50files/tokenizer.json
artifacts/dpo/recommendation/dpo_recommendation_results_reason_v16_50files/checkpoint-169/tokenizer_config.json,DELETE,52596,f5d021f5455f1190d380fdf4732853e205850c66d4ef81e0a92c59f712e5ee7f,Identical retained copy: artifacts/dpo/recommendation/dpo_recommendation_results_reason_v16_50files/tokenizer_config.json
artifacts/dpo/recommendation/dpo_recommendation_results_reason_v16_50files/checkpoint-169/trainer_state.json,ARCHIVE,90527,842457331068e2e3b09175aa5357e878ff07b1608fa706e88b419c306d51a9fe,Experiment provenance; not a runnable checkpoint
artifacts/dpo/recommendation/dpo_recommendation_results_reason_v16_50files/special_tokens_map.json,DELETE CANDIDATE,352,3910afdcd3fe7bd60c53e0bf6243747fb50fb680d83b4aad62aa1e0722675b66,Retained: external backup and publication rights not verified
artifacts/dpo/recommendation/dpo_recommendation_results_reason_v16_50files/tokenizer.json,DELETE CANDIDATE,18460923,acbb26b8d3121ebf65c2c9a09726d7ad0d16471b75d45cac92285d170bb4ae86,Retained: external backup and publication rights not verified
artifacts/dpo/recommendation/dpo_recommendation_results_reason_v16_50files/tokenizer_config.json,DELETE CANDIDATE,52596,f5d021f5455f1190d380fdf4732853e205850c66d4ef81e0a92c59f712e5ee7f,Retained: external backup and publication rights not verified
artifacts/dpo/recommendation/dpo_recommendation_results_reason_v16_50files_rule/README.md,ARCHIVE,5452,9822c68db9efc1ae65328d8044a84057b0c2cc65819ba8066f945f1705b59de0,Experiment provenance; not a runnable checkpoint
artifacts/dpo/recommendation/dpo_recommendation_results_reason_v16_50files_rule/adapter_config.json,ARCHIVE,1164,938973034248e6ce0e678ae41d254e86fe15fba98fa02dc20381e718a1f35514,Experiment provenance; not a runnable checkpoint
artifacts/dpo/recommendation/dpo_recommendation_results_reason_v16_50files_rule/checkpoint-167/README.md,ARCHIVE,5452,9822c68db9efc1ae65328d8044a84057b0c2cc65819ba8066f945f1705b59de0,Experiment provenance; not a runnable checkpoint
artifacts/dpo/recommendation/dpo_recommendation_results_reason_v16_50files_rule/checkpoint-167/adapter_config.json,DELETE,1164,938973034248e6ce0e678ae41d254e86fe15fba98fa02dc20381e718a1f35514,Identical retained copy: artifacts/dpo/recommendation/dpo_recommendation_results_reason_v16_50files_rule/adapter_config.json
artifacts/dpo/recommendation/dpo_recommendation_results_reason_v16_50files_rule/checkpoint-167/special_tokens_map.json,DELETE,352,3910afdcd3fe7bd60c53e0bf6243747fb50fb680d83b4aad62aa1e0722675b66,Identical retained copy: artifacts/dpo/recommendation/dpo_recommendation_results_reason_v16_50files_rule/special_tokens_map.json
artifacts/dpo/recommendation/dpo_recommendation_results_reason_v16_50files_rule/checkpoint-167/tokenizer.json,DELETE,18460923,acbb26b8d3121ebf65c2c9a09726d7ad0d16471b75d45cac92285d170bb4ae86,Identical retained copy: artifacts/dpo/recommendation/dpo_recommendation_results_reason_v16_50files_rule/tokenizer.json
artifacts/dpo/recommendation/dpo_recommendation_results_reason_v16_50files_rule/checkpoint-167/tokenizer_config.json,DELETE,52596,f5d021f5455f1190d380fdf4732853e205850c66d4ef81e0a92c59f712e5ee7f,Identical retained copy: artifacts/dpo/recommendation/dpo_recommendation_results_reason_v16_50files_rule/tokenizer_config.json
artifacts/dpo/recommendation/dpo_recommendation_results_reason_v16_50files_rule/checkpoint-167/trainer_state.json,ARCHIVE,89414,c5e27b4fbfc423976a0cf4e650b67a9591a5fab41f8d8232801f75432b3d760c,Experiment provenance; not a runnable checkpoint
artifacts/dpo/recommendation/dpo_recommendation_results_reason_v16_50files_rule/special_tokens_map.json,DELETE CANDIDATE,352,3910afdcd3fe7bd60c53e0bf6243747fb50fb680d83b4aad62aa1e0722675b66,Retained: external backup and publication rights not verified
artifacts/dpo/recommendation/dpo_recommendation_results_reason_v16_50files_rule/tokenizer.json,DELETE CANDIDATE,18460923,acbb26b8d3121ebf65c2c9a09726d7ad0d16471b75d45cac92285d170bb4ae86,Retained: external backup and publication rights not verified
artifacts/dpo/recommendation/dpo_recommendation_results_reason_v16_50files_rule/tokenizer_config.json,DELETE CANDIDATE,52596,f5d021f5455f1190d380fdf4732853e205850c66d4ef81e0a92c59f712e5ee7f,Retained: external backup and publication rights not verified
artifacts/dpo/recommendation/dpo_recommendation_results_reason_v16_5files/README.md,ARCHIVE,5452,9822c68db9efc1ae65328d8044a84057b0c2cc65819ba8066f945f1705b59de0,Experiment provenance; not a runnable checkpoint
artifacts/dpo/recommendation/dpo_recommendation_results_reason_v16_5files/adapter_config.json,ARCHIVE,1164,99e5961a4603030d379806a3c5921837b47f83ecc26e271dd878266bbb1c933b,Experiment provenance; not a runnable checkpoint
artifacts/dpo/recommendation/dpo_recommendation_results_reason_v16_5files/checkpoint-25/README.md,ARCHIVE,5452,9822c68db9efc1ae65328d8044a84057b0c2cc65819ba8066f945f1705b59de0,Experiment provenance; not a runnable checkpoint
artifacts/dpo/recommendation/dpo_recommendation_results_reason_v16_5files/checkpoint-25/adapter_config.json,DELETE,1164,99e5961a4603030d379806a3c5921837b47f83ecc26e271dd878266bbb1c933b,Identical retained copy: artifacts/dpo/recommendation/dpo_recommendation_results_reason_v16_5files/adapter_config.json
artifacts/dpo/recommendation/dpo_recommendation_results_reason_v16_5files/checkpoint-25/special_tokens_map.json,DELETE,352,3910afdcd3fe7bd60c53e0bf6243747fb50fb680d83b4aad62aa1e0722675b66,Identical retained copy: artifacts/dpo/recommendation/dpo_recommendation_results_reason_v16_5files/special_tokens_map.json
artifacts/dpo/recommendation/dpo_recommendation_results_reason_v16_5files/checkpoint-25/tokenizer.json,DELETE,18460923,acbb26b8d3121ebf65c2c9a09726d7ad0d16471b75d45cac92285d170bb4ae86,Identical retained copy: artifacts/dpo/recommendation/dpo_recommendation_results_reason_v16_5files/tokenizer.json
artifacts/dpo/recommendation/dpo_recommendation_results_reason_v16_5files/checkpoint-25/tokenizer_config.json,DELETE,52596,f5d021f5455f1190d380fdf4732853e205850c66d4ef81e0a92c59f712e5ee7f,Identical retained copy: artifacts/dpo/recommendation/dpo_recommendation_results_reason_v16_5files/tokenizer_config.json
artifacts/dpo/recommendation/dpo_recommendation_results_reason_v16_5files/checkpoint-25/trainer_state.json,ARCHIVE,13674,35ddcada0d205edfcb3438ea16d36ec2b24893935b836b5de71278ca3bff4fcc,Experiment provenance; not a runnable checkpoint
artifacts/dpo/recommendation/dpo_recommendation_results_reason_v16_5files/special_tokens_map.json,DELETE CANDIDATE,352,3910afdcd3fe7bd60c53e0bf6243747fb50fb680d83b4aad62aa1e0722675b66,Retained: external backup and publication rights not verified
artifacts/dpo/recommendation/dpo_recommendation_results_reason_v16_5files/tokenizer.json,DELETE CANDIDATE,18460923,acbb26b8d3121ebf65c2c9a09726d7ad0d16471b75d45cac92285d170bb4ae86,Retained: external backup and publication rights not verified
artifacts/dpo/recommendation/dpo_recommendation_results_reason_v16_5files/tokenizer_config.json,DELETE CANDIDATE,52596,f5d021f5455f1190d380fdf4732853e205850c66d4ef81e0a92c59f712e5ee7f,Retained: external backup and publication rights not verified
artifacts/dpo/recommendation/dpo_recommendation_results_reason_v16_test/README.md,ARCHIVE,5452,9822c68db9efc1ae65328d8044a84057b0c2cc65819ba8066f945f1705b59de0,Experiment provenance; not a runnable checkpoint
artifacts/dpo/recommendation/dpo_recommendation_results_reason_v16_test/adapter_config.json,ARCHIVE,1164,42788f4bd4544c6ad3c79dd7060673391a2d4df55142b27101f51fc264ec3c65,Experiment provenance; not a runnable checkpoint
artifacts/dpo/recommendation/dpo_recommendation_results_reason_v16_test/checkpoint-3/README.md,ARCHIVE,5452,9822c68db9efc1ae65328d8044a84057b0c2cc65819ba8066f945f1705b59de0,Experiment provenance; not a runnable checkpoint
artifacts/dpo/recommendation/dpo_recommendation_results_reason_v16_test/checkpoint-3/adapter_config.json,DELETE,1164,42788f4bd4544c6ad3c79dd7060673391a2d4df55142b27101f51fc264ec3c65,Identical retained copy: artifacts/dpo/recommendation/dpo_recommendation_results_reason_v16_test/adapter_config.json
artifacts/dpo/recommendation/dpo_recommendation_results_reason_v16_test/checkpoint-3/special_tokens_map.json,DELETE,352,3910afdcd3fe7bd60c53e0bf6243747fb50fb680d83b4aad62aa1e0722675b66,Identical retained copy: artifacts/dpo/recommendation/dpo_recommendation_results_reason_v16_test/special_tokens_map.json
artifacts/dpo/recommendation/dpo_recommendation_results_reason_v16_test/checkpoint-3/tokenizer.json,DELETE,18460923,acbb26b8d3121ebf65c2c9a09726d7ad0d16471b75d45cac92285d170bb4ae86,Identical retained copy: artifacts/dpo/recommendation/dpo_recommendation_results_reason_v16_test/tokenizer.json
artifacts/dpo/recommendation/dpo_recommendation_results_reason_v16_test/checkpoint-3/tokenizer_config.json,DELETE,52596,f5d021f5455f1190d380fdf4732853e205850c66d4ef81e0a92c59f712e5ee7f,Identical retained copy: artifacts/dpo/recommendation/dpo_recommendation_results_reason_v16_test/tokenizer_config.json
artifacts/dpo/recommendation/dpo_recommendation_results_reason_v16_test/checkpoint-3/trainer_state.json,ARCHIVE,2275,6ea9df590016d1e514b701f6a54d66e155aa074d52b189fde3e674a0a75fc311,Experiment provenance; not a runnable checkpoint
artifacts/dpo/recommendation/dpo_recommendation_results_reason_v16_test/special_tokens_map.json,DELETE CANDIDATE,352,3910afdcd3fe7bd60c53e0bf6243747fb50fb680d83b4aad62aa1e0722675b66,Retained: external backup and publication rights not verified
artifacts/dpo/recommendation/dpo_recommendation_results_reason_v16_test/tokenizer.json,DELETE CANDIDATE,18460923,acbb26b8d3121ebf65c2c9a09726d7ad0d16471b75d45cac92285d170bb4ae86,Retained: external backup and publication rights not verified
artifacts/dpo/recommendation/dpo_recommendation_results_reason_v16_test/tokenizer_config.json,DELETE CANDIDATE,52596,f5d021f5455f1190d380fdf4732853e205850c66d4ef81e0a92c59f712e5ee7f,Retained: external backup and publication rights not verified
artifacts/generated_text/reason_examples/reason_examples.txt,DELETE CANDIDATE,4303,374250208ce9c2fa18763db3f498124db520ee62b5d34f0d6e3f4d8e9057f719,Retained: external backup and publication rights not verified
artifacts/generated_text/reason_examples/reason_examples_v11.txt,DELETE CANDIDATE,15448,052b2d8e2b621bb5a7a46fc0a4026dfba557637a9131828434ba6c8b7c105ba4,Retained: external backup and publication rights not verified
artifacts/generated_text/reason_examples/reason_examples_v11_test.txt,DELETE CANDIDATE,3862,c62261fa9460ff09ef8b04afe85ee17f22bc885cb68d0807721387f72cd50797,Retained: external backup and publication rights not verified
artifacts/generated_text/reason_examples/reason_examples_v12.txt,DELETE CANDIDATE,15388,1ea7e6579fcf31ad63bd0f506f2bb65bb411acb00bb313f3828ef4909b7d441b,Retained: external backup and publication rights not verified
artifacts/generated_text/reason_examples/reason_examples_v12_multi.txt,DELETE CANDIDATE,24613,2100f2ca4edd18729830c77f1309a42c5d1af7581fbe7efbb2bd8512c1259eda,Retained: external backup and publication rights not verified
artifacts/generated_text/reason_examples/reason_examples_v12_test.txt,DELETE CANDIDATE,3847,6e2df505d5428874820276caf3bd1bf4d86e245f68ee31a8609321f6caaec08e,Retained: external backup and publication rights not verified
artifacts/generated_text/reason_examples/reason_examples_v13_multi.txt,DELETE CANDIDATE,25377,a09e4d150ab24a6f0afb1f5c2922dc27194716f0de8036f841e80840e8b4a5dc,Retained: external backup and publication rights not verified
artifacts/generated_text/reason_examples/reason_examples_v14_final_multi.txt,DELETE CANDIDATE,26819,a6543ebc888471823065aedad2be9da3d27a21c1747ff707b44a8b350179fd20,Retained: external backup and publication rights not verified
artifacts/generated_text/reason_examples/reason_examples_v14_multi.txt,DELETE CANDIDATE,26884,0d33580e584e2f7928b3592facb33b2d98e2f96b5fd2da3fc6db84ccec4533c2,Retained: external backup and publication rights not verified
artifacts/generated_text/reason_examples/reason_examples_v15_final_test.txt,DELETE CANDIDATE,8064,dd65b7cf4f926c459cff2898708af9818f0bae3ccf35ce3bd18be1e2fb77f3f6,Retained: external backup and publication rights not verified
artifacts/generated_text/reason_examples/reason_examples_v15_multi.txt,DELETE CANDIDATE,307,441263088d9cdb74a7bdf5abfa5ac8202b8f03b5052288648c7d1c777be53615,Retained: external backup and publication rights not verified
artifacts/generated_text/reason_examples/reason_examples_v15_test.txt,DELETE CANDIDATE,8064,dd65b7cf4f926c459cff2898708af9818f0bae3ccf35ce3bd18be1e2fb77f3f6,Retained: external backup and publication rights not verified
artifacts/generated_text/reason_examples/reason_examples_v15_test2.txt,DELETE CANDIDATE,7584,0296f34ca804a0fe78d4923d149a25c4f87aee8c58c285b096a5d56844349db4,Retained: external backup and publication rights not verified
artifacts/generated_text/reason_examples/reason_examples_v16_final_multi.txt,DELETE CANDIDATE,22720,a3256cfea398a9e3b2e9a53e861f31d7be49226da2a75592fbd37b7199995e62,Retained: external backup and publication rights not verified
artifacts/generated_text/reason_examples/reason_examples_v16_multi.txt,DELETE CANDIDATE,22720,a3256cfea398a9e3b2e9a53e861f31d7be49226da2a75592fbd37b7199995e62,Retained: external backup and publication rights not verified
artifacts/generated_text/reason_examples/reason_examples_v16_multi_fix_summary.txt,DELETE CANDIDATE,22603,f2db742fdea0e72b85b66285f038c02b93ae0c8ee331a96fdab8ab58f126fe2b,Retained: external backup and publication rights not verified
artifacts/generated_text/reason_examples/reason_examples_v16_test.txt,DELETE CANDIDATE,7504,40cb0fc2c9c3642b198d85996faedf23353146f3d78874a2230edf269043769d,Retained: external backup and publication rights not verified
artifacts/generated_text/reason_examples/reason_examples_v2.txt,DELETE CANDIDATE,4619,0e4321474c79a8cbf911857280e39ee57169e91d5d2c6f8513256acdb14f555f,Retained: external backup and publication rights not verified
artifacts/generated_text/reason_examples/reason_examples_v3.txt,DELETE CANDIDATE,2441,c3f882eb9d8874784abdb3ad6f83d35a2a4208c355be5748fde7a6754559edb1,Retained: external backup and publication rights not verified
artifacts/generated_text/reason_examples/reason_examples_v4.txt,DELETE CANDIDATE,2322,2a1ed62cb2812feb5eaffb1e6c4bb4a91924702405d37fc0eb8685d97f1f0dc2,Retained: external backup and publication rights not verified
artifacts/generated_text/reason_examples/reason_examples_v5.txt,DELETE CANDIDATE,10312,bcb3d40e4847f506d7c888026e088d74a0c1f58ae952ed7334870a7b2bd8ae65,Retained: external backup and publication rights not verified
artifacts/generated_text/reason_examples/reason_examples_v7_test.txt,DELETE CANDIDATE,3349,0ef9f7367b3338789934a128f31426992246f744aaf5c73973b3c5f9b16709cf,Retained: external backup and publication rights not verified
artifacts/generated_text/reason_examples/reason_examples_v8.txt,DELETE CANDIDATE,13640,0b5c5249d29a6efa3bb3d81537739617a3b5ddcfc786af8f230cbf96d0638fa4,Retained: external backup and publication rights not verified
artifacts/generated_text/reason_examples/reason_examples_v8_test.txt,DELETE CANDIDATE,3625,6b1066ae6d0c429f8d8ab441232792c12286f7e2a3ea493a5bbd9d35302b4385,Retained: external backup and publication rights not verified
artifacts/generated_text/reason_examples/reason_examples_v9.txt,DELETE CANDIDATE,14912,39705019d987b1f1dffd339e6efa61b0595711979388cb92b32c4f010be77347,Retained: external backup and publication rights not verified
artifacts/generated_text/reason_examples/reason_examples_v9_test.txt,DELETE CANDIDATE,3728,7f7f231699069489951978c861c5886a43c06dd1e243c2f99b3d4f40f98ff09f,Retained: external backup and publication rights not verified
artifacts/models/deberta/deberta_best_model_4input_short_v16_existing_nonold24/checkpoint-88353/trainer_state.json,ARCHIVE,16122671,9eabe2918098255c495d7acc380b84e69cb3d2f65f434ce085617cfe8647132b,Experiment provenance; not a runnable checkpoint
artifacts/models/deberta/deberta_best_model_4input_short_v16_existing_nonold24/special_tokens_map.json,DELETE CANDIDATE,1022,a627d4e20da5e9482f6a08f667ead8809ff9a22dbf6284b91dacd57f217b4555,Retained: external backup and publication rights not verified
artifacts/models/deberta/deberta_best_model_4input_short_v16_existing_nonold24/spm.model,DELETE CANDIDATE,969814,6a4f774d877b61859dd2df012b51de4f25a0ee46b30b5dbaa886530efec6fc68,Retained: external backup and publication rights not verified
artifacts/models/deberta/deberta_best_model_4input_short_v16_existing_nonold24/tokenizer.json,DELETE CANDIDATE,3593203,5a25e4b8f9c16d2c6a2cc08833aa93079c78c2cfd4b8ede2fd9e9758e13572e0,Retained: external backup and publication rights not verified
artifacts/models/deberta/deberta_best_model_4input_short_v16_existing_nonold24/tokenizer_config.json,DELETE CANDIDATE,1338,805e7a48000676ee5feeb9349688339924521fc6374908e42cddc745cf448d87,Retained: external backup and publication rights not verified
artifacts/models/deberta/deberta_best_model_4input_v16_existing_nonold24/checkpoint-88353/trainer_state.json,ARCHIVE,16123696,4b05135b9a73a069dd661df6bf80f7374e712eaf3c264213471e5ec89a33f270,Experiment provenance; not a runnable checkpoint
artifacts/models/deberta/deberta_best_model_4input_v16_existing_nonold24/special_tokens_map.json,DELETE CANDIDATE,1022,a627d4e20da5e9482f6a08f667ead8809ff9a22dbf6284b91dacd57f217b4555,Retained: external backup and publication rights not verified
artifacts/models/deberta/deberta_best_model_4input_v16_existing_nonold24/spm.model,DELETE CANDIDATE,969814,6a4f774d877b61859dd2df012b51de4f25a0ee46b30b5dbaa886530efec6fc68,Retained: external backup and publication rights not verified
artifacts/models/deberta/deberta_best_model_4input_v16_existing_nonold24/tokenizer.json,DELETE CANDIDATE,3593203,5a25e4b8f9c16d2c6a2cc08833aa93079c78c2cfd4b8ede2fd9e9758e13572e0,Retained: external backup and publication rights not verified
artifacts/models/deberta/deberta_best_model_4input_v16_existing_nonold24/tokenizer_config.json,DELETE CANDIDATE,1338,805e7a48000676ee5feeb9349688339924521fc6374908e42cddc745cf448d87,Retained: external backup and publication rights not verified
artifacts/models/deberta/deberta_best_model_4input_v16_existing_nonold24_checkpoint29451_eval/special_tokens_map.json,DELETE CANDIDATE,1022,a627d4e20da5e9482f6a08f667ead8809ff9a22dbf6284b91dacd57f217b4555,Retained: external backup and publication rights not verified
artifacts/models/deberta/deberta_best_model_4input_v16_existing_nonold24_checkpoint29451_eval/spm.model,DELETE CANDIDATE,969814,6a4f774d877b61859dd2df012b51de4f25a0ee46b30b5dbaa886530efec6fc68,Retained: external backup and publication rights not verified
artifacts/models/deberta/deberta_best_model_4input_v16_existing_nonold24_checkpoint29451_eval/tokenizer.json,DELETE CANDIDATE,3593203,5a25e4b8f9c16d2c6a2cc08833aa93079c78c2cfd4b8ede2fd9e9758e13572e0,Retained: external backup and publication rights not verified
artifacts/models/deberta/deberta_best_model_4input_v16_existing_nonold24_checkpoint29451_eval/tokenizer_config.json,DELETE CANDIDATE,1338,805e7a48000676ee5feeb9349688339924521fc6374908e42cddc745cf448d87,Retained: external backup and publication rights not verified
artifacts/models/deberta/deberta_best_model_reason_v16_50files/checkpoint-541/trainer_state.json,ARCHIVE,98981,90b46efcb0bd27a467b6d66d2871c2ce65408607353bdd6b0f91bf4075cd6688,Experiment provenance; not a runnable checkpoint
artifacts/models/deberta/deberta_best_model_reason_v16_50files/special_tokens_map.json,DELETE CANDIDATE,1022,a627d4e20da5e9482f6a08f667ead8809ff9a22dbf6284b91dacd57f217b4555,Retained: external backup and publication rights not verified
artifacts/models/deberta/deberta_best_model_reason_v16_50files/spm.model,DELETE CANDIDATE,969814,6a4f774d877b61859dd2df012b51de4f25a0ee46b30b5dbaa886530efec6fc68,Retained: external backup and publication rights not verified
artifacts/models/deberta/deberta_best_model_reason_v16_50files/tokenizer.json,DELETE CANDIDATE,3593203,5a25e4b8f9c16d2c6a2cc08833aa93079c78c2cfd4b8ede2fd9e9758e13572e0,Retained: external backup and publication rights not verified
artifacts/models/deberta/deberta_best_model_reason_v16_50files/tokenizer_config.json,DELETE CANDIDATE,1338,805e7a48000676ee5feeb9349688339924521fc6374908e42cddc745cf448d87,Retained: external backup and publication rights not verified
artifacts/models/deberta/deberta_best_model_reason_v16_5files/checkpoint-80/trainer_state.json,ARCHIVE,13702,0bdc76b2058a97971ff6039ee760ddf7b9254d8e46a1b2bc7e764150f874b392,Experiment provenance; not a runnable checkpoint
artifacts/models/deberta/deberta_best_model_reason_v16_5files/special_tokens_map.json,DELETE CANDIDATE,1022,a627d4e20da5e9482f6a08f667ead8809ff9a22dbf6284b91dacd57f217b4555,Retained: external backup and publication rights not verified
artifacts/models/deberta/deberta_best_model_reason_v16_5files/spm.model,DELETE CANDIDATE,969814,6a4f774d877b61859dd2df012b51de4f25a0ee46b30b5dbaa886530efec6fc68,Retained: external backup and publication rights not verified
artifacts/models/deberta/deberta_best_model_reason_v16_5files/tokenizer.json,DELETE CANDIDATE,3593203,5a25e4b8f9c16d2c6a2cc08833aa93079c78c2cfd4b8ede2fd9e9758e13572e0,Retained: external backup and publication rights not verified
artifacts/models/deberta/deberta_best_model_reason_v16_5files/tokenizer_config.json,DELETE CANDIDATE,1338,805e7a48000676ee5feeb9349688339924521fc6374908e42cddc745cf448d87,Retained: external backup and publication rights not verified
artifacts/models/deberta/deberta_best_model_reason_v16_all/checkpoint-2631/trainer_state.json,ARCHIVE,478185,8a086cc55123b39747290050688fbbd07d3b9e721b4094bfc33cb2531cfcd5d5,Experiment provenance; not a runnable checkpoint
artifacts/models/deberta/deberta_best_model_reason_v16_all/special_tokens_map.json,DELETE CANDIDATE,1022,a627d4e20da5e9482f6a08f667ead8809ff9a22dbf6284b91dacd57f217b4555,Retained: external backup and publication rights not verified
artifacts/models/deberta/deberta_best_model_reason_v16_all/spm.model,DELETE CANDIDATE,969814,6a4f774d877b61859dd2df012b51de4f25a0ee46b30b5dbaa886530efec6fc68,Retained: external backup and publication rights not verified
artifacts/models/deberta/deberta_best_model_reason_v16_all/tokenizer.json,DELETE CANDIDATE,3593203,5a25e4b8f9c16d2c6a2cc08833aa93079c78c2cfd4b8ede2fd9e9758e13572e0,Retained: external backup and publication rights not verified
artifacts/models/deberta/deberta_best_model_reason_v16_all/tokenizer_config.json,DELETE CANDIDATE,1338,805e7a48000676ee5feeb9349688339924521fc6374908e42cddc745cf448d87,Retained: external backup and publication rights not verified
artifacts/models/deberta/deberta_best_model_reason_v16_existing_nonold24/checkpoint-88353/trainer_state.json,ARCHIVE,16123391,cdc0c6e1117eceff4aa007915e77e6a4bab4c23205e28dd316e21d4c6f0d0297,Experiment provenance; not a runnable checkpoint
artifacts/models/deberta/deberta_best_model_reason_v16_existing_nonold24/special_tokens_map.json,DELETE CANDIDATE,1022,a627d4e20da5e9482f6a08f667ead8809ff9a22dbf6284b91dacd57f217b4555,Retained: external backup and publication rights not verified
artifacts/models/deberta/deberta_best_model_reason_v16_existing_nonold24/spm.model,DELETE CANDIDATE,969814,6a4f774d877b61859dd2df012b51de4f25a0ee46b30b5dbaa886530efec6fc68,Retained: external backup and publication rights not verified
artifacts/models/deberta/deberta_best_model_reason_v16_existing_nonold24/tokenizer.json,DELETE CANDIDATE,3593203,5a25e4b8f9c16d2c6a2cc08833aa93079c78c2cfd4b8ede2fd9e9758e13572e0,Retained: external backup and publication rights not verified
artifacts/models/deberta/deberta_best_model_reason_v16_existing_nonold24/tokenizer_config.json,DELETE CANDIDATE,1338,805e7a48000676ee5feeb9349688339924521fc6374908e42cddc745cf448d87,Retained: external backup and publication rights not verified
artifacts/models/deberta/deberta_best_model_reason_v16_test/checkpoint-2/trainer_state.json,ARCHIVE,1350,d55f5ddffe17cd67b88723c6ac454fbebb317de8893aaddaeaa8b4af20058edf,Experiment provenance; not a runnable checkpoint
artifacts/models/deberta/deberta_best_model_reason_v16_test/special_tokens_map.json,DELETE CANDIDATE,1022,a627d4e20da5e9482f6a08f667ead8809ff9a22dbf6284b91dacd57f217b4555,Retained: external backup and publication rights not verified
artifacts/models/deberta/deberta_best_model_reason_v16_test/spm.model,DELETE CANDIDATE,969814,6a4f774d877b61859dd2df012b51de4f25a0ee46b30b5dbaa886530efec6fc68,Retained: external backup and publication rights not verified
artifacts/models/deberta/deberta_best_model_reason_v16_test/tokenizer.json,DELETE CANDIDATE,3593203,5a25e4b8f9c16d2c6a2cc08833aa93079c78c2cfd4b8ede2fd9e9758e13572e0,Retained: external backup and publication rights not verified
artifacts/models/deberta/deberta_best_model_reason_v16_test/tokenizer_config.json,DELETE CANDIDATE,1338,805e7a48000676ee5feeb9349688339924521fc6374908e42cddc745cf448d87,Retained: external backup and publication rights not verified
artifacts/models/modernbert/modernbert_4input_v16_existing_nonold24/checkpoint-29452/config.json,ARCHIVE,2043,67d897a8351f8c90b805e30b96189693644060364dc5efa2ec82ecf62ba48373,Experiment provenance; not a runnable checkpoint
artifacts/models/modernbert/modernbert_4input_v16_existing_nonold24/checkpoint-29452/tokenizer.json,DELETE,6809028,8fc1702a21cb97d1cb887d5bc8cf0c78ca34e49ed9b8e14afe9ed9a2e7d1d186,Identical retained copy: artifacts/models/modernbert/modernbert_4input_v16_existing_nonold24/tokenizer.json
artifacts/models/modernbert/modernbert_4input_v16_existing_nonold24/checkpoint-29452/tokenizer_config.json,DELETE,638,45c867f234b2957ae0e0877ebe8c011f7822c9366364ef0973e83bbb6aebcdac,Identical retained copy: artifacts/models/modernbert/modernbert_4input_v16_existing_nonold24/tokenizer_config.json
artifacts/models/modernbert/modernbert_4input_v16_existing_nonold24/checkpoint-29452/trainer_state.json,ARCHIVE,115315,9fe41f4c84fc0f3c322eca0316bb642c4034b09f450955c23a0b7a62cced1d00,Experiment provenance; not a runnable checkpoint
artifacts/models/modernbert/modernbert_4input_v16_existing_nonold24/checkpoint-44178/config.json,ARCHIVE,2043,67d897a8351f8c90b805e30b96189693644060364dc5efa2ec82ecf62ba48373,Experiment provenance; not a runnable checkpoint
artifacts/models/modernbert/modernbert_4input_v16_existing_nonold24/checkpoint-44178/tokenizer.json,DELETE,6809028,8fc1702a21cb97d1cb887d5bc8cf0c78ca34e49ed9b8e14afe9ed9a2e7d1d186,Identical retained copy: artifacts/models/modernbert/modernbert_4input_v16_existing_nonold24/tokenizer.json
artifacts/models/modernbert/modernbert_4input_v16_existing_nonold24/checkpoint-44178/tokenizer_config.json,DELETE,638,45c867f234b2957ae0e0877ebe8c011f7822c9366364ef0973e83bbb6aebcdac,Identical retained copy: artifacts/models/modernbert/modernbert_4input_v16_existing_nonold24/tokenizer_config.json
artifacts/models/modernbert/modernbert_4input_v16_existing_nonold24/checkpoint-44178/trainer_state.json,ARCHIVE,172473,ce518488b245947ef29d61594f2fca3cadfd4db1145b99d2c7676e4964c67b91,Experiment provenance; not a runnable checkpoint
artifacts/models/modernbert/modernbert_4input_v16_existing_nonold24/config.json,ARCHIVE,2043,67d897a8351f8c90b805e30b96189693644060364dc5efa2ec82ecf62ba48373,Experiment provenance; not a runnable checkpoint
artifacts/models/modernbert/modernbert_4input_v16_existing_nonold24/tokenizer.json,DELETE CANDIDATE,6809028,8fc1702a21cb97d1cb887d5bc8cf0c78ca34e49ed9b8e14afe9ed9a2e7d1d186,Retained: external backup and publication rights not verified
artifacts/models/modernbert/modernbert_4input_v16_existing_nonold24/tokenizer_config.json,DELETE CANDIDATE,638,45c867f234b2957ae0e0877ebe8c011f7822c9366364ef0973e83bbb6aebcdac,Retained: external backup and publication rights not verified
artifacts/models/modernbert/modernbert_4input_v16_existing_nonold24_test/checkpoint-40/config.json,ARCHIVE,2043,67d897a8351f8c90b805e30b96189693644060364dc5efa2ec82ecf62ba48373,Experiment provenance; not a runnable checkpoint
artifacts/models/modernbert/modernbert_4input_v16_existing_nonold24_test/checkpoint-40/tokenizer.json,DELETE,6809028,8fc1702a21cb97d1cb887d5bc8cf0c78ca34e49ed9b8e14afe9ed9a2e7d1d186,Identical retained copy: artifacts/models/modernbert/modernbert_4input_v16_existing_nonold24_test/tokenizer.json
artifacts/models/modernbert/modernbert_4input_v16_existing_nonold24_test/checkpoint-40/tokenizer_config.json,DELETE,638,45c867f234b2957ae0e0877ebe8c011f7822c9366364ef0973e83bbb6aebcdac,Identical retained copy: artifacts/models/modernbert/modernbert_4input_v16_existing_nonold24_test/tokenizer_config.json
artifacts/models/modernbert/modernbert_4input_v16_existing_nonold24_test/checkpoint-40/trainer_state.json,ARCHIVE,1116,d6a3403fabce9636afd6c9e96be93f9550874a68a3067c9999092eeda6b5659d,Experiment provenance; not a runnable checkpoint
artifacts/models/modernbert/modernbert_4input_v16_existing_nonold24_test/config.json,ARCHIVE,2043,67d897a8351f8c90b805e30b96189693644060364dc5efa2ec82ecf62ba48373,Experiment provenance; not a runnable checkpoint
artifacts/models/modernbert/modernbert_4input_v16_existing_nonold24_test/tokenizer.json,DELETE CANDIDATE,6809028,8fc1702a21cb97d1cb887d5bc8cf0c78ca34e49ed9b8e14afe9ed9a2e7d1d186,Retained: external backup and publication rights not verified
artifacts/models/modernbert/modernbert_4input_v16_existing_nonold24_test/tokenizer_config.json,DELETE CANDIDATE,638,45c867f234b2957ae0e0877ebe8c011f7822c9366364ef0973e83bbb6aebcdac,Retained: external backup and publication rights not verified
artifacts/models/modernbert/modernbert_pairwise_3input_v16_existing_nonold24_test/checkpoint-50/config.json,ARCHIVE,2043,67d897a8351f8c90b805e30b96189693644060364dc5efa2ec82ecf62ba48373,Experiment provenance; not a runnable checkpoint
artifacts/models/modernbert/modernbert_pairwise_3input_v16_existing_nonold24_test/checkpoint-50/tokenizer.json,DELETE,6809028,8fc1702a21cb97d1cb887d5bc8cf0c78ca34e49ed9b8e14afe9ed9a2e7d1d186,Identical retained copy: artifacts/models/modernbert/modernbert_pairwise_3input_v16_existing_nonold24_test/tokenizer.json
artifacts/models/modernbert/modernbert_pairwise_3input_v16_existing_nonold24_test/checkpoint-50/tokenizer_config.json,DELETE,638,45c867f234b2957ae0e0877ebe8c011f7822c9366364ef0973e83bbb6aebcdac,Identical retained copy: artifacts/models/modernbert/modernbert_pairwise_3input_v16_existing_nonold24_test/tokenizer_config.json
artifacts/models/modernbert/modernbert_pairwise_3input_v16_existing_nonold24_test/checkpoint-50/trainer_state.json,ARCHIVE,1247,0a1c22f8daeaacfb7a4d3a6c119f82b0ebdf931aefd5d0ccd28080996004aa7c,Experiment provenance; not a runnable checkpoint
artifacts/models/modernbert/modernbert_pairwise_3input_v16_existing_nonold24_test/config.json,ARCHIVE,2043,67d897a8351f8c90b805e30b96189693644060364dc5efa2ec82ecf62ba48373,Experiment provenance; not a runnable checkpoint
artifacts/models/modernbert/modernbert_pairwise_3input_v16_existing_nonold24_test/tokenizer.json,DELETE CANDIDATE,6809028,8fc1702a21cb97d1cb887d5bc8cf0c78ca34e49ed9b8e14afe9ed9a2e7d1d186,Retained: external backup and publication rights not verified
artifacts/models/modernbert/modernbert_pairwise_3input_v16_existing_nonold24_test/tokenizer_config.json,DELETE CANDIDATE,638,45c867f234b2957ae0e0877ebe8c011f7822c9366364ef0973e83bbb6aebcdac,Retained: external backup and publication rights not verified
artifacts/models/modernbert/modernbert_pairwise_4input_v16_existing_nonold24/checkpoint-14626/config.json,ARCHIVE,2043,67d897a8351f8c90b805e30b96189693644060364dc5efa2ec82ecf62ba48373,Experiment provenance; not a runnable checkpoint
artifacts/models/modernbert/modernbert_pairwise_4input_v16_existing_nonold24/checkpoint-14626/tokenizer.json,DELETE,6809028,8fc1702a21cb97d1cb887d5bc8cf0c78ca34e49ed9b8e14afe9ed9a2e7d1d186,Identical retained copy: artifacts/models/modernbert/modernbert_pairwise_4input_v16_existing_nonold24/tokenizer.json
artifacts/models/modernbert/modernbert_pairwise_4input_v16_existing_nonold24/checkpoint-14626/tokenizer_config.json,DELETE,638,45c867f234b2957ae0e0877ebe8c011f7822c9366364ef0973e83bbb6aebcdac,Identical retained copy: artifacts/models/modernbert/modernbert_pairwise_4input_v16_existing_nonold24/tokenizer_config.json
artifacts/models/modernbert/modernbert_pairwise_4input_v16_existing_nonold24/checkpoint-14626/trainer_state.json,ARCHIVE,57543,f1397a4b5de4332c7ed1d499f83cc60cbe5ceea58ebd33a6693a6497620f8841,Experiment provenance; not a runnable checkpoint
artifacts/models/modernbert/modernbert_pairwise_4input_v16_existing_nonold24/checkpoint-43878/config.json,ARCHIVE,2043,67d897a8351f8c90b805e30b96189693644060364dc5efa2ec82ecf62ba48373,Experiment provenance; not a runnable checkpoint
artifacts/models/modernbert/modernbert_pairwise_4input_v16_existing_nonold24/checkpoint-43878/tokenizer.json,DELETE,6809028,8fc1702a21cb97d1cb887d5bc8cf0c78ca34e49ed9b8e14afe9ed9a2e7d1d186,Identical retained copy: artifacts/models/modernbert/modernbert_pairwise_4input_v16_existing_nonold24/tokenizer.json
artifacts/models/modernbert/modernbert_pairwise_4input_v16_existing_nonold24/checkpoint-43878/tokenizer_config.json,DELETE,638,45c867f234b2957ae0e0877ebe8c011f7822c9366364ef0973e83bbb6aebcdac,Identical retained copy: artifacts/models/modernbert/modernbert_pairwise_4input_v16_existing_nonold24/tokenizer_config.json
artifacts/models/modernbert/modernbert_pairwise_4input_v16_existing_nonold24/checkpoint-43878/trainer_state.json,ARCHIVE,171862,0ea7efac4d9dca9ac509894689a0eba3d465c7b9676b0bfead16db885abbc1bf,Experiment provenance; not a runnable checkpoint
artifacts/models/modernbert/modernbert_pairwise_4input_v16_existing_nonold24/config.json,ARCHIVE,2043,67d897a8351f8c90b805e30b96189693644060364dc5efa2ec82ecf62ba48373,Experiment provenance; not a runnable checkpoint
artifacts/models/modernbert/modernbert_pairwise_4input_v16_existing_nonold24/tokenizer.json,DELETE CANDIDATE,6809028,8fc1702a21cb97d1cb887d5bc8cf0c78ca34e49ed9b8e14afe9ed9a2e7d1d186,Retained: external backup and publication rights not verified
artifacts/models/modernbert/modernbert_pairwise_4input_v16_existing_nonold24/tokenizer_config.json,DELETE CANDIDATE,638,45c867f234b2957ae0e0877ebe8c011f7822c9366364ef0973e83bbb6aebcdac,Retained: external backup and publication rights not verified
artifacts/models/modernbert/modernbert_pairwise_4input_v16_existing_nonold24_test/checkpoint-50/config.json,ARCHIVE,2043,67d897a8351f8c90b805e30b96189693644060364dc5efa2ec82ecf62ba48373,Experiment provenance; not a runnable checkpoint
artifacts/models/modernbert/modernbert_pairwise_4input_v16_existing_nonold24_test/checkpoint-50/tokenizer.json,DELETE,6809028,8fc1702a21cb97d1cb887d5bc8cf0c78ca34e49ed9b8e14afe9ed9a2e7d1d186,Identical retained copy: artifacts/models/modernbert/modernbert_pairwise_4input_v16_existing_nonold24_test/tokenizer.json
artifacts/models/modernbert/modernbert_pairwise_4input_v16_existing_nonold24_test/checkpoint-50/tokenizer_config.json,DELETE,638,45c867f234b2957ae0e0877ebe8c011f7822c9366364ef0973e83bbb6aebcdac,Identical retained copy: artifacts/models/modernbert/modernbert_pairwise_4input_v16_existing_nonold24_test/tokenizer_config.json
artifacts/models/modernbert/modernbert_pairwise_4input_v16_existing_nonold24_test/checkpoint-50/trainer_state.json,ARCHIVE,1245,ba7b7b11da3f50f10b27543151081a51410eb45a4cf11606e0c86e7776c86b65,Experiment provenance; not a runnable checkpoint
artifacts/models/modernbert/modernbert_pairwise_4input_v16_existing_nonold24_test/config.json,ARCHIVE,2043,67d897a8351f8c90b805e30b96189693644060364dc5efa2ec82ecf62ba48373,Experiment provenance; not a runnable checkpoint
artifacts/models/modernbert/modernbert_pairwise_4input_v16_existing_nonold24_test/tokenizer.json,DELETE CANDIDATE,6809028,8fc1702a21cb97d1cb887d5bc8cf0c78ca34e49ed9b8e14afe9ed9a2e7d1d186,Retained: external backup and publication rights not verified
artifacts/models/modernbert/modernbert_pairwise_4input_v16_existing_nonold24_test/tokenizer_config.json,DELETE CANDIDATE,638,45c867f234b2957ae0e0877ebe8c011f7822c9366364ef0973e83bbb6aebcdac,Retained: external backup and publication rights not verified
